{
    "m_Version": 4,
    "EnableMap": 1,
    "UseMapOnMapItem": 1,
    "ShowPlayerPosition": 1,
    "ShowMapStats": 1,
    "NeedPenItemForCreateMarker": 0,
    "NeedGPSItemForCreateMarker": 0,
    "CanCreateMarker": 1,
    "CanCreate3DMarker": 1,
    "CanOpenMapWithKeyBinding": 1,
    "ShowDistanceOnPersonalMarkers": 1,
    "EnableHUDGPS": 1,
    "NeedGPSItemForKeyBinding": 1,
    "NeedMapItemForKeyBinding": 0,
    "EnableServerMarkers": 1,
    "ShowNameOnServerMarkers": 1,
    "ShowDistanceOnServerMarkers": 1,
    "ServerMarkers": [
		{
			"m_UID": "ServerMarker_Trader_Central",
			"m_Visibility": 6,
			"m_Is3D": 1,
			"m_Text": "Traders - Central",
			"m_IconName": "Trader",
			"m_Color": -13710223,
			"m_Position": [
				6153.0,
				310.0,
				6127.0
			],
			"m_Locked": 0
		},
		{
			"m_UID": "ServerMarker_Trader_Kulno",
			"m_Visibility": 6,
			"m_Is3D": 1,
			"m_Text": "Traders - Kulno",
			"m_IconName": "Trader",
			"m_Color": -13710223,
			"m_Position": [
				11030.0,
				359.0,
				2468.0
			],
			"m_Locked": 0
		},			
		{
			"m_UID": "ServerMarker_Trader_NorthPolana",
			"m_Visibility": 6,
			"m_Is3D": 1,
			"m_Text": "Traders - NorthPolana",
			"m_IconName": "Trader",
			"m_Color": -13710223,
			"m_Position": [
				3166.0,
				430.0,
				2995.0
			],
			"m_Locked": 0
		},
		{
			"m_UID": "ServerMarker_Trader_Sitnik",
			"m_Visibility": 6,
			"m_Is3D": 1,
			"m_Text": "Traders - Sitnik",
			"m_IconName": "Trader",
			"m_Color": -13710223,
			"m_Position": [
				11441.0,
				183.0,
				9066.00
			],
			"m_Locked": 0
		},
		{
			"m_UID": "ServerMarker_Trader_SitnikBlackMarket",
			"m_Visibility": 6,
			"m_Is3D": 1,
			"m_Text": "Traders - Sitnik Black Market",
			"m_IconName": "Trader",
			"m_Color": -13710223,
			"m_Position": [
				11619.0,
				193.0,
				9840.0
			],
			"m_Locked": 0
		},
		{
			"m_UID": "ServerMarker_Trader_SouthWestHunter",
			"m_Visibility": 6,
			"m_Is3D": 1,
			"m_Text": "Traders - South West Hunter",
			"m_IconName": "Trader",
			"m_Color": -13710223,
			"m_Position": [
				4396.0,
				383.0,
				3083.0
			],
			"m_Locked": 0
		},
		{
			"m_UID": "ServerMarker_Trader_Topolin",
			"m_Visibility": 6,
			"m_Is3D": 1,
			"m_Text": "Traders - Topolin",
			"m_IconName": "Trader",
			"m_Color": -13710223,
			"m_Position": [
				1288.0,
				183.0,
				7684.0
			],
			"m_Locked": 0
		},
		{
			"m_UID": "ServerMarker_Trader_ZalesieBlackMarket",
			"m_Visibility": 6,
			"m_Is3D": 1,
			"m_Text": "Traders - Zalesie Black Market",
			"m_IconName": "Trader",
			"m_Color": -13710223,
			"m_Position": [
				878.0,
				243.0,
				5482.0
			],
			"m_Locked": 0
		}
	],
    "EnableHUDCompass": 1,
    "NeedCompassItemForHUDCompass": 1,
    "NeedGPSItemForHUDCompass": 1,
    "CompassColor": -1,
    "CreateDeathMarker": 1,
    "PlayerLocationNotifier": 1
}