{
    "m_Version": 9,
    "MarketSystemEnabled": 1,
    "NetworkCategories": [],
    "CurrencyIcon": "DayZExpansion/Market/GUI/icons/coinstack2_64x64.edds",
    "ATMSystemEnabled": 1,
    "MaxDepositMoney": 100000,
    "DefaultDepositMoney": 10000,
    "ATMPlayerTransferEnabled": 1,
    "ATMPartyLockerEnabled": 1,
    "MaxPartyDepositMoney": 100000,
    "UseWholeMapForATMPlayerList": 0,
    "SellPricePercent": 75.0,
    "NetworkBatchSize": 100,
    "MaxVehicleDistanceToTrader": 120.0,
    "MaxLargeVehicleDistanceToTrader": 744.0,
    "LargeVehicles": [
        "expansionlhd"
    ],
    "LandSpawnPositions": [
        {
            "Position": [
                6218.46,
                310.0,
                6126.0
            ],
            "Orientation": [
                -19.0,
                0.0,
                0.0
            ]
        },
        {
            "Position": [
                6223.12,
                310.0,
                6107.0
            ],
            "Orientation": [
                -3.0,
                0.0,
                0.0
            ]
        },
        {
            "Position": [
                11051.6,
                358.0,
                2453.06
            ],
            "Orientation": [
                -99.8507,
                0.0,
                0.0
            ]
        },
        {
            "Position": [
                11073.7,
                360.0,
                2456.6
            ],
            "Orientation": [
                -103.464,
                0.0,
                0.0
            ]
        },
        {
            "Position": [
                3180.36,
                431.8,
                3034.29
            ],
            "Orientation": [
                -72.15,
                0.0,
                0.0
            ]
        },
        {
            "Position": [
                3174.27,
                430.6,
                3015.69
            ],
            "Orientation": [
                -72.15,
                0.0,
                0.0
            ]
        },
        {
            "Position": [
                11468.4,
                177.1,
                9084.79
            ],
            "Orientation": [
                62.057,
                0.0,
                0.0
            ]
        },
        {
            "Position": [
                11451.3,
                176.82,
                9080.83
            ],
            "Orientation": [
                90.0,
                0.0,
                0.0
            ]
        },
        {
            "Position": [
                1257.1400146484376,
                183.12899780273438,
                7708.0
            ],
            "Orientation": [
                63.5,
                0.0,
                0.0
            ]
        },
        {
            "Position": [
                1279.510009765625,
                183.31199645996095,
                7716.89013671875
            ],
            "Orientation": [
                67.30000305175781,
                0.0,
                0.0
            ]
        }		
	],
    "AirSpawnPositions": [],
    "WaterSpawnPositions": [],
    "MarketMenuColors": {
        "BaseColorVignette": "000000C8",
        "BaseColorHeaders": "13171BFF",
        "BaseColorLabels": "27272DFF",
        "BaseColorText": "FBFCFEFF",
        "BaseColorCheckboxes": "FBFCFEFF",
        "BaseColorInfoSectionBackground": "2225268C",
        "BaseColorTooltipsHeaders": "000000F0",
        "BaseColorTooltipsBackground": "000000DC",
        "ColorDecreaseQuantityButton": "DD262614",
        "ColorDecreaseQuantityIcon": "DD262628",
        "ColorSetQuantityButton": "C7265114",
        "ColorIncreaseQuantityButton": "A0CC7114",
        "ColorIncreaseQuantityIcon": "A0CC7128",
        "ColorSellPanel": "27272DFF",
        "ColorSellButton": "DD262628",
        "ColorBuyPanel": "27272DFF",
        "ColorBuyButton": "A0CC7128",
        "ColorMarketIcon": "E241428C",
        "ColorFilterOptionsButton": "C726518C",
        "ColorFilterOptionsIcon": "C726518C",
        "ColorSearchFilterButton": "C726518C",
        "ColorCategoryButton": "C726518C",
        "ColorCategoryCollapseIcon": "C726518C",
        "ColorCurrencyDenominationText": "FFB418FF",
        "ColorItemButton": "C726518C",
        "ColorItemInfoIcon": "FFB418FF",
        "ColorItemInfoTitle": "FFB418FF",
        "ColorItemInfoHasContainerItems": "FFB418FF",
        "ColorItemInfoHasAttachments": "FFB418FF",
        "ColorItemInfoHasBullets": "FFB418FF",
        "ColorItemInfoIsAttachment": "FFB418FF",
        "ColorItemInfoIsEquipped": "FFB418FF",
        "ColorItemInfoAttachments": "FFB418FF",
        "ColorToggleCategoriesText": "C726518C",
        "ColorCategoryCorners": "FBFCFEFF",
        "ColorCategoryBackground": "222526FF"
    },
    "Currencies": [
        "expansiongoldbar",
        "expansiongoldnugget",
        "expansionsilverbar",
        "expansionsilvernugget"
    ]
}